TABLE_CODE,COLUMN_CODE,FK_TABLE_CODE
CONVERT_TO_ATTRIBUTE,ATTRIBUTE_CODE,
CONVERT_TO_ATTRIBUTE,TITLE,
CONVERT_TO_ATTRIBUTE,ATTRIBUTE_ID,
CONVERT_TO_ATTRIBUTE,ATTRIBUTE_ID,
CONVERT_TO_BRAND,DESCRIPTION,
CONVERT_TO_BRAND,TITLE,
CONVERT_TO_BRAND,CODE,
CONVERT_TO_MANUFACTURER,TITLE,
CONVERT_TO_MANUFACTURER,CODE,
CONVERT_TO_MANUFACTURER,DESCRIPTION,
CONVERT_TO_PARTICIPANT,CODE,
CONVERT_TO_PARTICIPANT,DESCRIPTION,
CONVERT_TO_PARTICIPANT,TITLE,
COVAX_CUMULATIVE,PARTICIPANT_FK,
COVAX_CUMULATIVE,ROUND_FK,
COVAX_CUMULATIVE,ROUND_NAME,
COVAX_CUMULATIVE,ALG_VERSION_ID,
COVAX_CUMULATIVE,STATUS,
COVAX_CUMULATIVE,ROUND_MAXIMUM,
COVAX_CUMULATIVE,UCC_MAXIMUM,
COVAX_CUMULATIVE,ALLOCATION_TOTAL_ADJUSTED,
COVAX_CUMULATIVE,COVERAGE_ADJUSTED,
COVAX_CUMULATIVE,AZ,
COVAX_CUMULATIVE,AZ_ADJUSTED,
COVAX_CUMULATIVE,SII_AZ,
COVAX_CUMULATIVE,SII_AZ_ADJUSTED,
COVAX_CUMULATIVE,Pfizer,
COVAX_CUMULATIVE,Pfizer_ADJUSTED,
COVAX_CUMULATIVE,Moderna,
COVAX_CUMULATIVE,Moderna_ADJUSTED,
COVAX_CUMULATIVE,JJ,
COVAX_CUMULATIVE,JJ_ADJUSTED,
COVAX_CUMULATIVE,Sinopharm,
COVAX_CUMULATIVE,Sinopharm_ADJUSTED,
COVAX_CUMULATIVE,Sinovac,
COVAX_CUMULATIVE,Sinovac_ADJUSTED,
COVAX_CUMULATIVE,Novavax,
COVAX_CUMULATIVE,Novavax_ADJUSTED,
COVAX_CUMULATIVE,Covovax,
COVAX_CUMULATIVE,Covovax_ADJUSTED,
COVAX_PARTICIPANT,ParticipantId,
COVAX_PARTICIPANT,RoundId,
COVAX_PARTICIPANT,ParticipationModelId,
COVAX_PARTICIPANT,Population,
COVAX_PARTICIPANT,RequestedPopulation,
COVAX_PARTICIPANT,SmallParticipant,
COVAX_PARTICIPANT,ParticipantReadiness,
COVAX_PARTICIPANT,AllocatedPopulationConstraints,
COVAX_PARTICIPANT,AllocatedPopulationObjective,
COVAX_PARTICIPANT,Severity,
COVAX_PARTICIPANT,RoundMinimum,
COVAX_PARTICIPANT,RoundMinimumCustomValue,
COVAX_PARTICIPANT,RoundMaximum,
COVAX_PARTICIPANT,UCCMaximum,
COVAX_PARTICIPANT,ConsistencyInterest,
COVAX_PARTICIPANT,UniqueProductInterest,
COVAX_PARTICIPANT,ReallocationEligible,
COVAX_PARTICIPANT,AllocatedCourses,
COVAX_PARTICIPANT,AllocatedCoursesAdjusted,
COVAX_PARTICIPANT,VaccineAttribute1,
COVAX_PARTICIPANT,VaccineAttribute2,
COVAX_PARTICIPANT,VaccineAttribute3,
COVAX_PARTICIPANT,VaccineAttribute4,
COVAX_PARTICIPANT,VaccineAttribute5,
COVAX_PARTICIPANT,VaccineAttribute6,
COVAX_PARTICIPANT,VaccineAttribute7,
COVAX_PARTICIPANT,VaccineAttribute8,
COVAX_PARTICIPANT,VaccineAttribute9,
COVAX_PARTICIPANT,VaccineAttribute10,
COVAX_PARTICIPANT,VaccineAttribute11,
COVAX_PARTICIPANT,VaccineAttribute12,
COVAX_PARTICIPANT,RequestedPopulationAdjusted,
COVAX_PARTICIPANT_ALLOWED_VACCINES,ParticipantId,
COVAX_PARTICIPANT_ALLOWED_VACCINES,DealId,
COVAX_PARTICIPANT_ALLOWED_VACCINES,DealWeight,
COVAX_PARTICIPANT_ALLOWED_VACCINES,VaccineProductId,
COVAX_PARTICIPANT_ALLOWED_VACCINES,RoundId,
COVAX_PARTICIPANT_ALLOWED_VACCINES,PastAllocation,
COVAX_PARTICIPANT_ALLOWED_VACCINES,CostPerDose,
COVAX_PARTICIPANT_ALLOWED_VACCINES,MaximumDoses,
COVAX_PARTICIPANT_ALLOWED_VACCINES,BatchSize,
COVAX_PARTICIPANT_ALLOWED_VACCINES,MinimumShipmentSize,
COVAX_PARTICIPANT_ALLOWED_VACCINES,HasPastAllocation,
COVAX_PARTICIPANT_ALLOWED_VACCINES,HasPastAllocations,
DRAFT_VAC_ELIGIBLE,VACCINE_PRODUCT_ID,REF_VACCINE
DRAFT_VAC_ELIGIBLE,PARTICIPANT_ID,REF_PARTICIPANT
DRAFT_VAC_SHIPMENT,ALLOCATION_BATCH_ID,
DRAFT_VAC_SHIPMENT,COST_TRANSPORTATION,
DRAFT_VAC_SHIPMENT,CURRENCY_FK,REF_CURRENCY
DRAFT_VAC_SHIPMENT,SHIPMENT_STATUS,
DRAFT_VAC_SHIPMENT,SHIPPED_TO,
DRAFT_VAC_SHIPMENT,SHIPPED_FROM,
DRAFT_VAC_SHIPMENT,SHIPPED_TO,
DRAFT_VAC_SHIPMENT,SHIPPED_FROM,
DRAFT_VAC_SHIPMENT,ROUND_FK,REF_ROUND
DRAFT_VAC_SHIPMENT,TYPE_TRANSPORTATION,
FACT_EXCLUDED_REASON_ROUND_CONSTRAINTS,PARTICIPANT_ID,
FACT_EXCLUDED_REASON_ROUND_CONSTRAINTS,ROUND_ID,
FACT_EXCLUDED_REASON_ROUND_CONSTRAINTS,DEAL_ID,
FACT_EXCLUDED_REASON_ROUND_CONSTRAINTS,VACCINE_PRODUCT_ID,
FACT_EXCLUDED_REASON_ROUND_CONSTRAINTS,OPT_OUT,
FACT_EXCLUDED_REASON_ROUND_CONSTRAINTS,OPT_OUT_PRICE,
FACT_EXCLUDED_REASON_ROUND_CONSTRAINTS,EARMARKING,
FACT_EXCLUDED_REASON_ROUND_CONSTRAINTS,ZERO_MAX_DOSES,
FACT_EXCLUDED_REASON_ROUND_CONSTRAINTS,DEAL_FULFILLED_P,
FACT_EXCLUDED_REASON_ROUND_CONSTRAINTS,PARTICIPANT_EXCLUDED,
FACT_EXCLUDED_REASON_ROUND_CONSTRAINTS,NO_SUPPLY,
FACT_EXCLUDED_REASON_ROUND_CONSTRAINTS,DEAL_FULFILLED_P_HIST,
FACT_EXCLUDED_REASON_ROUND_CONSTRAINTS,IS_LIVE,
FACT_EXCLUDED_REASON_ROUND_CONSTRAINTS,DEAL_WEIGHT,
FACT_EXCLUDED_REASON_ROUND_CONSTRAINTS,DEAL_WEIGHT,
FACT_EXCLUDED_REASON_ROUND_CONSTRAINTS,DEAL_FULFILLED_P_HIST,
FACT_EXCLUDED_REASON_ROUND_CONSTRAINTS,IS_LIVE,
FACT_EXCLUDED_REASON_ROUND_CONSTRAINTS,DEAL_FULFILLED_P_HIST,
FACT_EXCLUDED_REASON_ROUND_CONSTRAINTS,IS_LIVE,
FACT_VAC_CONSTRAINT,COUNTRY_FK,REF_PARTICIPANT
FACT_VAC_CONSTRAINT,PARTICIPANT_FK,REF_PARTICIPANT
FACT_VAC_CONSTRAINT,SITE_APPROVAL,
FACT_VAC_CONSTRAINT,DESTINATION_CONSTRAINED,
FACT_VAC_CONSTRAINT,REGULATORY_APPROVAL,
FACT_VAC_CONSTRAINT,OPT_OUT,
FACT_VAC_CONSTRAINT,VAC_PRODUCT_FK,REF_VACCINE
FACT_VAC_CONSTRAINT,ROUND_FK,REF_ROUND
FACT_VAC_CONSTRAINT,PARTICIPANT_FK,REF_PARTICIPANT
FACT_VAC_CONSTRAINT,SITE_APPROVAL,
FACT_VAC_CONSTRAINT,DESTINATION_CONSTRAINED,
FACT_VAC_CONSTRAINT,MAXIMUM_DOSES,
FACT_VAC_CONSTRAINT,COST_PER_DOSE,
FACT_VAC_CONSTRAINT,REGULATORY_APPROVAL,
FACT_VAC_CONSTRAINT,OPT_OUT_PRICE,
FACT_VAC_CONSTRAINT,OPT_OUT,
FACT_VAC_CONSTRAINT,SITE_APPROVAL,
FACT_VAC_CONSTRAINT,COMMENT,
FACT_VAC_CONSTRAINT,REGULATORY_APPROVAL,
FACT_VAC_CONSTRAINT,COMMENT,
FACT_VAC_CONSTRAINT,VOLUNTARY_DELAY,
FACT_VAC_CONSTRAINT,COMMENT,
FACT_VAC_CONSTRAINT,VOLUNTARY_DELAY,
FACT_VAC_CONSTRAINT,SITE_APPROVAL,
FACT_VAC_CONSTRAINT,EARMARKING,
FACT_VAC_CONSTRAINT,ROUND_FK,REF_ROUND
FACT_VAC_CONSTRAINT,MAXIMUM_DOSES,
FACT_VAC_CONSTRAINT,PARTICIPANT_FK,REF_PARTICIPANT
FACT_VAC_CONSTRAINT,COST_PER_DOSE,
FACT_VAC_CONSTRAINT,VAC_PRODUCT_FK,REF_VACCINE
FACT_VAC_CONSTRAINT,REGULATORY_APPROVAL,
FACT_VAC_CONSTRAINT,OPT_OUT_PRICE,
FACT_VAC_CONSTRAINT,OPT_OUT,
FACT_VAC_CONSTRAINT,SITE_APPROVAL,
FACT_VAC_CONSTRAINT,MAXIMUM_DOSES,
FACT_VAC_CONSTRAINT,REGULATORY_APPROVAL,
FACT_VAC_CONSTRAINT,SITE_APPROVAL,
FACT_VAC_CONSTRAINT,REGULATORY_APPROVAL,
FACT_VAC_CONSTRAINT,MAXIMUM_DOSES,
FACT_VAC_CONSTRAINT,MAXIMUM_DOSES,
FACT_VAC_CONSTRAINT,MAXIMUM_DOSES,
FACT_VAC_CONSTRAINT,MINIMUM_SHIPMENT_SIZE,
FACT_VAC_CONSTRAINT,BATCH_SIZE,
FACT_VAC_CONSTRAINT,OPT_OUT,
FACT_VAC_CONSTRAINT,ROUND_FK,REF_ROUND
FACT_VAC_CONSTRAINT,EARMARKING,
FACT_VAC_CONSTRAINT,COST_PER_DOSE,
FACT_VAC_CONSTRAINT,MAXIMUM_DOSES,
FACT_VAC_CONSTRAINT,VAC_PRODUCT_FK,REF_VACCINE
FACT_VAC_CONSTRAINT,DEAL_FK,REF_DEAL
FACT_VAC_CONSTRAINT,OPT_OUT_PRICE,
FACT_VAC_CONSTRAINT,PARTICIPANT_FK,REF_PARTICIPANT
FACT_VAC_CONSTRAINT,EARMARKING,
FACT_VAC_CONSTRAINT,ROUND_FK,REF_ROUND
FACT_VAC_CONSTRAINT,MAXIMUM_DOSES,
FACT_VAC_CONSTRAINT,PARTICIPANT_FK,REF_PARTICIPANT
FACT_VAC_CONSTRAINT,COST_PER_DOSE,
FACT_VAC_CONSTRAINT,VAC_PRODUCT_FK,REF_VACCINE
FACT_VAC_CONSTRAINT,OPT_OUT_PRICE,
FACT_VAC_CONSTRAINT,OPT_OUT,
FACT_VAC_CONSTRAINT,DEAL_FK,REF_DEAL
FACT_VAC_CONSTRAINT,DEAL_FK,REF_DEAL
FACT_VAC_CONSTRAINT,DEAL_WEIGHT,
FACT_VAC_CONSTRAINT_PHASE_2,ROUND_FK,REF_ROUND
FACT_VAC_CONSTRAINT_PHASE_2,PARTICIPANT_FK,REF_PARTICIPANT
FACT_VAC_CONSTRAINT_PHASE_2,EARMARKING,
FACT_VAC_CONSTRAINT_PHASE_2,MAXIMUM_DOSES,
FACT_VAC_CONSTRAINT_PHASE_2,MINIMUM_ORDER_QUANTITY,
FACT_VAC_CONSTRAINT_PHASE_2,DEAL_FK,REF_DEAL
FACT_VAC_DEMAND_PHASE_2,ROUND_FK,REF_ROUND
FACT_VAC_DEMAND_PHASE_2,MONTH,
FACT_VAC_DEMAND_PHASE_2,YEAR,
FACT_VAC_DEMAND_PHASE_2,PARTICIPANT_FK,REF_PARTICIPANT
FACT_VAC_DEMAND_PHASE_2,VACCINE_PREFERENCE,
FACT_VAC_DEMAND_PHASE_2,DEMAND,
FACT_VAC_DEMAND_PHASE_2,VACCINE_FK,REF_COV_VACCINES
FACT_VAC_OUTPUT,COUNTRY_FK,REF_PARTICIPANT
FACT_VAC_OUTPUT,COUNTRY_RANK,
FACT_VAC_OUTPUT,PARTICIPANT_FK,REF_PARTICIPANT
FACT_VAC_OUTPUT,ALLOCATION_ROUND,
FACT_VAC_OUTPUT,PARTICIPANT_RANK,
FACT_VAC_OUTPUT,ALLOCATION_TOTAL,
FACT_VAC_OUTPUT,DATE,
FACT_VAC_OUTPUT,DATE,
FACT_VAC_OUTPUT,ROUND_FK,REF_ROUND
FACT_VAC_OUTPUT,ALLOCATION_BATCH_ID,
FACT_VAC_OUTPUT,PARTICIPANT_NAME,
FACT_VAC_OUTPUT,SHORT_EN,
FACT_VAC_OUTPUT,PARTICIPANT_WHO_REGION,
FACT_VAC_OUTPUT,PARTICIPANT_NAME,
FACT_VAC_OUTPUT,ALG_VERSION_ID,
FACT_VAC_OUTPUT,COVERAGE_ROUND,
FACT_VAC_OUTPUT,STATUS,
FACT_VAC_OUTPUT,ALG_VERSION_ID_TEXT,
FACT_VAC_OUTPUT,DATE,
FACT_VAC_OUTPUT,COURSES_ROUND,
FACT_VAC_OUTPUT,PREVIOUS_COVERAGE,
FACT_VAC_OUTPUT,ALLOCATION_ROUND,
FACT_VAC_OUTPUT,PARTICIPANT_RANK,
FACT_VAC_OUTPUT,ALLOCATION_BATCH_ID,
FACT_VAC_OUTPUT,ALLOCATION_TOTAL,
FACT_VAC_OUTPUT,PARTICIPATION_MODEL,
FACT_VAC_OUTPUT,PARTICIPANT_POPULATION,
FACT_VAC_OUTPUT,ALLOCATION_BATCH_ID,
FACT_VAC_OUTPUT,ALLOCATION_TOTAL,
FACT_VAC_OUTPUT,VAC_PRODUCT_FK,REF_VACCINE
FACT_VAC_OUTPUT,COVERAGE_ROUND,
FACT_VAC_OUTPUT,ROUND_FK,REF_ROUND
FACT_VAC_OUTPUT,ALLOCATION_BATCH_ID,
FACT_VAC_OUTPUT,PARTICIPANT_WHO_REGION,
FACT_VAC_OUTPUT,PARTICIPANT_NAME,
FACT_VAC_OUTPUT,PARTICIPATION_MODEL,
FACT_VAC_OUTPUT,STATUS,
FACT_VAC_OUTPUT,PARTICIPANT_POPULATION,
FACT_VAC_OUTPUT,DATE,
FACT_VAC_OUTPUT,DEAL_FK,REF_DEAL
FACT_VAC_OUTPUT,PARTICIPANT_FK,REF_PARTICIPANT
FACT_VAC_OUTPUT,COURSES_ROUND,
FACT_VAC_OUTPUT,PREVIOUS_COVERAGE,
FACT_VAC_OUTPUT,DATE,
FACT_VAC_OUTPUT,ROUND_FK,REF_ROUND
FACT_VAC_OUTPUT,ALLOCATION_BATCH_ID,
FACT_VAC_OUTPUT,REALLOCATION_ROUND,
FACT_VAC_OUTPUT,ALLOW_CATCHUP,
FACT_VAC_OUTPUT,REASON,
FACT_VAC_OUTPUT,REALLOCATION_ROUND,
FACT_VAC_OUTPUT,ALLOW_CATCHUP,
FACT_VAC_OUTPUT,ALLOCATION_TOTAL,
FACT_VAC_OUTPUT,ALLOCATION_TOTAL,
FACT_VAC_OUTPUT,DEAL_FK,REF_DEAL
FACT_VAC_OUTPUT,DEAL_FK,REF_DEAL
FACT_VAC_OUTPUT,APPLICATION_ID,
FACT_VAC_OUTPUT,CAMPAIGN_LOCATION,
FACT_VAC_OUTPUT,PLANNED_PERIOD_OF_VACCINATION_CAMPAIGN,
FACT_VAC_OUTPUT,CONSIGNEE_NAME_AND_ADDRESS,
FACT_VAC_OUTPUT,SECONDARY_APPLICANT,
FACT_VAC_OUTPUT,SHIPPING_RANK,
FACT_VAC_OUTPUT,OUTPUT_STATUS_ID,
FACT_VAC_OUTPUT,OUTPUT_STATUS,
FACT_VAC_OUTPUT,CATEGORY_ID,
FACT_VAC_OUTPUT,PARTICIPANT_FK,REF_PARTICIPANT
FACT_VAC_OUTPUT,VAC_PRODUCT_FK,REF_VACCINE
FACT_VAC_OUTPUT,PARTICIPANT_WHO_REGION,
FACT_VAC_OUTPUT,COURSES_ROUND,
FACT_VAC_OUTPUT,PREVIOUS_COVERAGE,
FACT_VAC_OUTPUT,PARTICIPANT_NAME,
FACT_VAC_OUTPUT,PARTICIPANT_POPULATION,
FACT_VAC_OUTPUT,COVERAGE_ROUND,
FACT_VAC_OUTPUT,ALG_VERSION_ID,
FACT_VAC_OUTPUT,ALG_VERSION_ID_TEXT,
FACT_VAC_OUTPUT,ALLOCATION_ROUND,
FACT_VAC_OUTPUT,REASON_FOR_CHANGE,
FACT_VAC_OUTPUT,AFTER_REALLOCATION,
FACT_VAC_OUTPUT,REALLOCATION_VALIDATED,
FACT_VAC_OUTPUT,CATCHUP_NOT_ALLOWED,
FACT_VAC_OUTPUT,APPLICATION_ID,
FACT_VAC_OUTPUT,CAMPAIGN_LOCATION,
FACT_VAC_OUTPUT,PLANNED_PERIOD_OF_VACCINATION_CAMPAIGN,
FACT_VAC_OUTPUT,CONSIGNEE_NAME_AND_ADDRESS,
FACT_VAC_OUTPUT,SECONDARY_APPLICANT,
FACT_VAC_OUTPUT,SHIPPING_RANK,
FACT_VAC_OUTPUT,REASON,
FACT_VAC_OUTPUT,PARTICIPANT_RANK,
FACT_VAC_OUTPUT,STATUS,
FACT_VAC_OUTPUT,PARTICIPATION_MODEL,
FACT_VAC_OUTPUT,PARTICIPANT_WHO_REGION,
FACT_VAC_OUTPUT,PARTICIPANT_NAME,
FACT_VAC_OUTPUT,ALG_VERSION_ID,
FACT_VAC_OUTPUT,CAMPAIGN_LOCATION,
FACT_VAC_OUTPUT,SHIPPING_RANK,
FACT_VAC_OUTPUT,CATEGORY_ID,
FACT_VAC_OUTPUT,COVERAGE_ROUND,
FACT_VAC_OUTPUT,PLANNED_PERIOD_OF_VACCINATION_CAMPAIGN,
FACT_VAC_OUTPUT,STATUS,
FACT_VAC_OUTPUT,ALG_VERSION_ID_TEXT,
FACT_VAC_OUTPUT,VAC_PRODUCT_FK,REF_VACCINE
FACT_VAC_OUTPUT,SECONDARY_APPLICANT,
FACT_VAC_OUTPUT,AFTER_REALLOCATION,
FACT_VAC_OUTPUT,PARTICIPANT_FK,REF_PARTICIPANT
FACT_VAC_OUTPUT,PREVIOUS_COVERAGE,
FACT_VAC_OUTPUT,ALLOCATION_ROUND,
FACT_VAC_OUTPUT,PARTICIPANT_RANK,
FACT_VAC_OUTPUT,CONSIGNEE_NAME_AND_ADDRESS,
FACT_VAC_OUTPUT,APPLICATION_ID,
FACT_VAC_OUTPUT,PARTICIPATION_MODEL,
FACT_VAC_OUTPUT,PARTICIPANT_POPULATION,
FACT_VAC_OUTPUT,LAST_CHANGE_DATE,
FACT_VAC_OUTPUT,COURSES_ROUND,
FACT_VAC_OUTPUT,REASON,
FACT_VAC_OUTPUT,REASON_FOR_CHANGE,
FACT_VAC_OUTPUT,CATCHUP_NOT_ALLOWED,
FACT_VAC_OUTPUT,COURSES_ROUND,
FACT_VAC_OUTPUT,CATCHUP_NOT_ALLOWED,
FACT_VAC_OUTPUT,REASON_FOR_CHANGE,
FACT_VAC_OUTPUT,REASON,
FACT_VAC_OUTPUT,CONFIDENTIAL,
FACT_VAC_OUTPUT,REALLOCATION_VALIDATED,
FACT_VAC_OUTPUT,REALLOCATION_VALIDATED,
FACT_VAC_OUTPUT_CHANGES,REASON,
FACT_VAC_OUTPUT_CHANGES,VALUE,
FACT_VAC_OUTPUT_CHANGES,REASON_ID,
FACT_VAC_OUTPUT_CHANGES,REASON,
FACT_VAC_OUTPUT_CHANGES,REASON_FOR_CHANGE,
FACT_VAC_OUTPUT_CHANGES,CATCHUP_NOT_ALLOWED,
FACT_VAC_OUTPUT_CHANGES,CATCHUP_NEVER_ALLOWED,
FACT_VAC_OUTPUT_CHANGES,VALUE,
FACT_VAC_OUTPUT_CHANGES,ALLOCATION_BATCH_ID,
FACT_VAC_OUTPUT_CHANGES,ID,
FACT_VAC_OUTPUT_CHANGES,DATE,
FACT_VAC_OUTPUT_CHANGES,DEAL_FK,REF_DEAL
FACT_VAC_OUTPUT_CHANGES,ROUND_FK,REF_ROUND
FACT_VAC_OUTPUT_CHANGES,PARTICIPANT_FK,REF_PARTICIPANT
FACT_VAC_OUTPUT_CHANGES,VAC_PRODUCT_FK,REF_VACCINE
FACT_VAC_OUTPUT_CHANGES,REASON_ID,
FACT_VAC_OUTPUT_CHANGES,REASON,
FACT_VAC_OUTPUT_CHANGES,IS_INCREASE,
FACT_VAC_OUTPUT_CHANGES,REASON_FOR_CHANGE,
FACT_VAC_OUTPUT_CHANGES,CATCHUP_NOT_ALLOWED,
FACT_VAC_OUTPUT_CHANGES,CATCHUP_NEVER_ALLOWED,
FACT_VAC_OUTPUT_CHANGES,VALUE,
FACT_VAC_OUTPUT_CHANGES,PARTICIPANT_FK,REF_PARTICIPANT
FACT_VAC_OUTPUT_CHANGES,DATE,
FACT_VAC_OUTPUT_CHANGES,IS_INCREASE,
FACT_VAC_OUTPUT_CHANGES,REASON_ID,
FACT_VAC_OUTPUT_CHANGES,CATCHUP_NEVER_ALLOWED,
FACT_VAC_OUTPUT_CHANGES,REASON_FOR_CHANGE,
FACT_VAC_OUTPUT_CHANGES,REASON,
FACT_VAC_OUTPUT_CHANGES,DEAL_FK,REF_DEAL
FACT_VAC_OUTPUT_CHANGES,CATCHUP_NOT_ALLOWED,
FACT_VAC_OUTPUT_CHANGES,VAC_PRODUCT_FK,REF_VACCINE
FACT_VAC_OUTPUT_CHANGES,ID,
FACT_VAC_OUTPUT_CHANGES,ROUND_FK,REF_ROUND
FACT_VAC_OUTPUT_CHANGES,VALUE,
FACT_VAC_OUTPUT_CHANGES,LAST_CHANGE_DATE,
FACT_VAC_OUTPUT_CHANGES_PHASE_2,ALLOCATION_BATCH_ID,
FACT_VAC_OUTPUT_CHANGES_PHASE_2,ID,
FACT_VAC_OUTPUT_CHANGES_PHASE_2,SUPPLY_ID,
FACT_VAC_OUTPUT_CHANGES_PHASE_2,DATE,
FACT_VAC_OUTPUT_CHANGES_PHASE_2,ROUND_FK,REF_ROUND
FACT_VAC_OUTPUT_CHANGES_PHASE_2,PARTICIPANT_FK,REF_PARTICIPANT
FACT_VAC_OUTPUT_CHANGES_PHASE_2,MONTH,
FACT_VAC_OUTPUT_CHANGES_PHASE_2,YEAR,
FACT_VAC_OUTPUT_CHANGES_PHASE_2,CERTAIN,
FACT_VAC_OUTPUT_CHANGES_PHASE_2,DEAL_FK,REF_DEAL
FACT_VAC_OUTPUT_CHANGES_PHASE_2,REASON_ID,
FACT_VAC_OUTPUT_CHANGES_PHASE_2,REASON,
FACT_VAC_OUTPUT_CHANGES_PHASE_2,IS_INCREASE,
FACT_VAC_OUTPUT_CHANGES_PHASE_2,REASON_FOR_CHANGE,
FACT_VAC_OUTPUT_CHANGES_PHASE_2,CATCHUP_NOT_ALLOWED,
FACT_VAC_OUTPUT_CHANGES_PHASE_2,CATCHUP_NEVER_ALLOWED,
FACT_VAC_OUTPUT_CHANGES_PHASE_2,VALUE,
FACT_VAC_OUTPUT_CHANGES_PHASE_2,VALUE,
FACT_VAC_OUTPUT_CHANGES_PHASE_2,ROUND_FK,REF_ROUND
FACT_VAC_OUTPUT_CHANGES_PHASE_2,IS_INCREASE,
FACT_VAC_OUTPUT_CHANGES_PHASE_2,SUPPLY_ID,
FACT_VAC_OUTPUT_CHANGES_PHASE_2,REASON_ID,
FACT_VAC_OUTPUT_CHANGES_PHASE_2,CATCHUP_NOT_ALLOWED,
FACT_VAC_OUTPUT_CHANGES_PHASE_2,REASON_FOR_CHANGE,
FACT_VAC_OUTPUT_CHANGES_PHASE_2,DATE,
FACT_VAC_OUTPUT_CHANGES_PHASE_2,CATCHUP_NEVER_ALLOWED,
FACT_VAC_OUTPUT_CHANGES_PHASE_2,PARTICIPANT_FK,REF_PARTICIPANT
FACT_VAC_OUTPUT_CHANGES_PHASE_2,REASON,
FACT_VAC_OUTPUT_CHANGES_PHASE_2,YEAR,
FACT_VAC_OUTPUT_CHANGES_PHASE_2,CERTAIN,
FACT_VAC_OUTPUT_CHANGES_PHASE_2,MONTH,
FACT_VAC_OUTPUT_CHANGES_PHASE_2,ID,
FACT_VAC_OUTPUT_CHANGES_PHASE_2,DEAL_FK,REF_DEAL
FACT_VAC_OUTPUT_CHANGES_PHASE_2,LAST_CHANGE_DATE,
FACT_VAC_OUTPUT_CHANGES_PHASE_2,SOURCE,
FACT_VAC_OUTPUT_COVERAGE,VERSION_ID,
FACT_VAC_OUTPUT_COVERAGE,TOTAL_MAX,
FACT_VAC_OUTPUT_COVERAGE,PARTICIPATION_MODEL,
FACT_VAC_OUTPUT_COVERAGE,ID,
FACT_VAC_OUTPUT_COVERAGE,TOTAL_MIN,
FACT_VAC_OUTPUT_COVERAGE,ROUND_MIN,
FACT_VAC_OUTPUT_COVERAGE,ROUND_FK,REF_ROUND
FACT_VAC_OUTPUT_COVERAGE,STATUS,
FACT_VAC_OUTPUT_COVERAGE,DATE,
FACT_VAC_OUTPUT_COVERAGE,ROUND_MAX,
FACT_VAC_OUTPUT_COVERAGE,TOTAL_AVERAGE,
FACT_VAC_OUTPUT_COVERAGE,ROUND_AVERAGE,
FACT_VAC_OUTPUT_COVERAGE,VERSION_ID_TEXT,
FACT_VAC_OUTPUT_OBJECTIVES,STATUS,
FACT_VAC_OUTPUT_OBJECTIVES,ROUND_FK,REF_ROUND
FACT_VAC_OUTPUT_OBJECTIVES,PREFERENCE_DEVIATION,
FACT_VAC_OUTPUT_OBJECTIVES,ID,
FACT_VAC_OUTPUT_OBJECTIVES,UNIQUE_PRODUCT_DEVIATION,
FACT_VAC_OUTPUT_OBJECTIVES,VERSION_ID,
FACT_VAC_OUTPUT_OBJECTIVES,DATE,
FACT_VAC_OUTPUT_OBJECTIVES,VERSION_ID_TEXT,
FACT_VAC_OUTPUT_OBJECTIVES,EQUITY_DEVIATION,
FACT_VAC_OUTPUT_OBJECTIVES,EQUALITY_DEVIATION,
FACT_VAC_OUTPUT_PHASE_2,DATE,
FACT_VAC_OUTPUT_PHASE_2,LAST_CHANGE_DATE,
FACT_VAC_OUTPUT_PHASE_2,ALLOCATION_BATCH_ID,
FACT_VAC_OUTPUT_PHASE_2,SUPPLY_ID,
FACT_VAC_OUTPUT_PHASE_2,MONTH,
FACT_VAC_OUTPUT_PHASE_2,YEAR,
FACT_VAC_OUTPUT_PHASE_2,CERTAIN,
FACT_VAC_OUTPUT_PHASE_2,ROUND_FK,REF_ROUND
FACT_VAC_OUTPUT_PHASE_2,CATEGORY_ID,
FACT_VAC_OUTPUT_PHASE_2,PARTICIPANT_FK,REF_PARTICIPANT
FACT_VAC_OUTPUT_PHASE_2,PARTICIPATION_MODEL,
FACT_VAC_OUTPUT_PHASE_2,STATUS,
FACT_VAC_OUTPUT_PHASE_2,OUTPUT_STATUS_ID,
FACT_VAC_OUTPUT_PHASE_2,OUTPUT_STATUS,
FACT_VAC_OUTPUT_PHASE_2,PARTICIPANT_WHO_REGION,
FACT_VAC_OUTPUT_PHASE_2,PARTICIPANT_NAME,
FACT_VAC_OUTPUT_PHASE_2,PARTICIPANT_POPULATION,
FACT_VAC_OUTPUT_PHASE_2,ALG_VERSION_ID,
FACT_VAC_OUTPUT_PHASE_2,ALG_VERSION_ID_TEXT,
FACT_VAC_OUTPUT_PHASE_2,ALLOCATION_ROUND,
FACT_VAC_OUTPUT_PHASE_2,PARTICIPANT_RANK,
FACT_VAC_OUTPUT_PHASE_2,AFTER_REALLOCATION,
FACT_VAC_OUTPUT_PHASE_2,APPLICATION_ID,
FACT_VAC_OUTPUT_PHASE_2,CAMPAIGN_LOCATION,
FACT_VAC_OUTPUT_PHASE_2,PLANNED_PERIOD_OF_VACCINATION_CAMPAIGN,
FACT_VAC_OUTPUT_PHASE_2,CONSIGNEE_NAME_AND_ADDRESS,
FACT_VAC_OUTPUT_PHASE_2,SECONDARY_APPLICANT,
FACT_VAC_OUTPUT_PHASE_2,SHIPPING_RANK,
FACT_VAC_OUTPUT_PHASE_2,CONFIDENTIAL,
FACT_VAC_OUTPUT_PHASE_2,DEAL_FK,REF_DEAL
FACT_VAC_OUTPUT_PHASE_2,REALLOCATION_VALIDATED,
FACT_VAC_OUTPUT_PHASE_2,REALLOCATION_VALIDATED,
FACT_VAC_PAST_DEAL_ALLOCATIONS,DEAL_FK,
FACT_VAC_PAST_DEAL_ALLOCATIONS,PARTICIPANT_FK,
FACT_VAC_PAST_DEAL_ALLOCATIONS,ALLOCATED_COURSES_TOTAL,
FACT_VAC_PAST_DEAL_ALLOCATIONS,REALLOCATED_COURSES_TOTAL_NO_DOSE_SHARING,
FACT_VAC_PAST_DEAL_ALLOCATIONS,REALLOCATED_COURSES_TOTAL_ADJUSTED,
FACT_VAC_PAST_DEAL_ALLOCATIONS,REALLOCATED_COURSES_TOTAL,
FACT_VAC_PAST_DEAL_ALLOCATIONS,REALLOCATED_DOSES_TOTAL_NO_DOSE_SHARING,
FACT_VAC_PAST_DEAL_ALLOCATIONS,REALLOCATED_DOSES_TOTAL,
FACT_VAC_PAST_DEAL_ALLOCATIONS,ALLOCATED_DOSES_TOTAL,
FACT_VAC_PAST_DEAL_ALLOCATIONS,ALLOCATED_DOSES_TOTAL,
FACT_VAC_PAST_DEAL_ALLOCATIONS,ROUND_FK,
FACT_VAC_PAST_DEAL_ALLOCATIONS,ROUND_FK,
FACT_VAC_PAST_DEAL_ALLOCATIONS,REALLOCATED_COURSES_DONATIONS,
FACT_VAC_PAST_DEAL_ALLOCATIONS,IS_LAST,
FACT_VAC_PAST_DEAL_ALLOCATIONS,IS_LAST,
FACT_VAC_PAST_DEAL_ALLOCATIONS,WITH_INTERIM,
FACT_VAC_PAST_DEAL_ALLOCATIONS,WITH_INTERIM,
FACT_VAC_PREFERENCE,COUNTRY_FK,REF_PARTICIPANT
FACT_VAC_PREFERENCE,PARTICIPANT_FK,REF_PARTICIPANT
FACT_VAC_PREFERENCE,COVAX_ID,
FACT_VAC_PREFERENCE,VPLATFORM_INACTIVATED,
FACT_VAC_PREFERENCE,COLD_CHAIN_70,
FACT_VAC_PREFERENCE,REG_EUL,
FACT_VAC_PREFERENCE,COLD_CHAIN_2,
FACT_VAC_PREFERENCE,ROUND_FK,REF_ROUND
FACT_VAC_PREFERENCE,DOSES_VIAL,
FACT_VAC_PREFERENCE,PRICE,
FACT_VAC_PREFERENCE,VPLATFORM_MRNA,
FACT_VAC_PREFERENCE,REG_SRA,
FACT_VAC_PREFERENCE,VPLATFORM_VIRAL_VECTOR,
FACT_VAC_PREFERENCE,REG_PQ,
FACT_VAC_PREFERENCE,COLD_CHAIN_20,
FACT_VAC_PREFERENCE,DOSES_REGIMEN,
FACT_VAC_PREFERENCE,VPLATFORM_MRNA,
FACT_VAC_PREFERENCE,REG_SRA,
FACT_VAC_PREFERENCE,VPLATFORM_INACTIVATED,
FACT_VAC_PREFERENCE,COLD_CHAIN_2,
FACT_VAC_PREFERENCE,REG_PQ,
FACT_VAC_PREFERENCE,PRICE,
FACT_VAC_PREFERENCE,DOSES_REGIMEN,
FACT_VAC_PREFERENCE,COLD_CHAIN_70,
FACT_VAC_PREFERENCE,DOSES_VIAL,
FACT_VAC_PREFERENCE,VPLATFORM_VIRAL_VECTOR,
FACT_VAC_PREFERENCE,COLD_CHAIN_20,
FACT_VAC_PREFERENCE,REG_EUL,
FACT_VAC_PREFERENCE,PARTICIPANT_FK,REF_PARTICIPANT
FACT_VAC_PREFERENCE,PARTICIPANT_FK,REF_PARTICIPANT
FACT_VAC_PREFERENCE,ROUND_FK,REF_ROUND
FACT_VAC_PREFERENCE,ROUND_FK,REF_ROUND
FACT_VAC_PREFERENCE,WEIGHTS_MRNA,
FACT_VAC_PREFERENCE,WEIGHTS_VIRAL_VECTOR,
FACT_VAC_PREFERENCE,WEIGHTS_INACTIVE,
FACT_VAC_PREFERENCE,WEIGHTS_PROTEIN_BASED,
FACT_VAC_PREFERENCE,WEIGHTS_2_TO_8_C_VALUE,
FACT_VAC_PREFERENCE,WEIGHTS_NEGATIVE_20_C,
FACT_VAC_PREFERENCE,WEIGHTS_NEGATIVE_70_C,
FACT_VAC_PREFERENCE,WEIGHTS_DOSES_PER_REGIMEN,
FACT_VAC_PREFERENCE,WEIGHTS_DOSES_PER_VIAL,
FACT_VAC_PREFERENCE,WEIGHTS_PQ_WHO,
FACT_VAC_PREFERENCE,WEIGHTS_EUL_APPROVAL,
FACT_VAC_PREFERENCE,WEIGHTS_SRA_APPROVAL,
FACT_VAC_PREFERENCE,WEIGHTS_PRICE,
FACT_VAC_PREFERENCE,WEIGHTS_NEGATIVE_20_C,
FACT_VAC_PREFERENCE,WEIGHTS_PRICE,
FACT_VAC_PREFERENCE,WEIGHTS_DOSES_PER_REGIMEN,
FACT_VAC_PREFERENCE,WEIGHTS_VIRAL_VECTOR,
FACT_VAC_PREFERENCE,WEIGHTS_PQ_WHO,
FACT_VAC_PREFERENCE,WEIGHTS_2_TO_8_C_VALUE,
FACT_VAC_PREFERENCE,WEIGHTS_EUL_APPROVAL,
FACT_VAC_PREFERENCE,WEIGHTS_MRNA,
FACT_VAC_PREFERENCE,WEIGHTS_NEGATIVE_70_C,
FACT_VAC_PREFERENCE,WEIGHTS_DOSES_PER_VIAL,
FACT_VAC_PREFERENCE,WEIGHTS_PROTEIN_BASED,
FACT_VAC_PREFERENCE,WEIGHTS_SRA_APPROVAL,
FACT_VAC_PREFERENCE,WEIGHTS_INACTIVE,
FACT_VAC_RANK,QUARTILE_RANK,
FACT_VAC_RANK,PARTICIPANT_FK,REF_PARTICIPANT
FACT_VAC_RANK,RANK,
FACT_VAC_RANK,DATE_TIME,
FACT_VAC_RANK,DATE_TIME,
FACT_VAC_RANK,ROUND_FK,REF_ROUND
FACT_VAC_RANK,ROUND_FK,REF_ROUND
FACT_VAC_READINESS,COUNTRY_READINESS,
FACT_VAC_READINESS,COUNTRY_READINESS_CTG,
FACT_VAC_READINESS,COUNTRY_ID,REF_PARTICIPANT
FACT_VAC_READINESS,PARTICIPANT_ID,REF_PARTICIPANT
FACT_VAC_READINESS,PARTICIPANT_READINESS,
FACT_VAC_READINESS,ALLOW_MULTIPLE_VACCINES,
FACT_VAC_READINESS,SIGNED_VIF,
FACT_VAC_READINESS,COPARTICIPANT_READINESS_CTG,
FACT_VAC_READINESS,SIGNED_VRF,
FACT_VAC_READINESS,PARTICIPANT_ID,REF_PARTICIPANT
FACT_VAC_READINESS,PARTICIPANT_FK,REF_PARTICIPANT
FACT_VAC_READINESS,ROUND_FK,REF_ROUND
FACT_VAC_READINESS,ROUND_FK,REF_ROUND
FACT_VAC_READINESS,COMMENT,
FACT_VAC_READINESS,VOLUNTARY_DELAY,
FACT_VAC_READINESS,MAX_SHIPMENT_SIZE_20,
FACT_VAC_READINESS,REGULATORY_PATHWAY,
FACT_VAC_READINESS,ROUND_FK,REF_ROUND
FACT_VAC_READINESS,ALLOW_MULTIPLE_VACCINES,
FACT_VAC_READINESS,COLD_STORAGE_CAPACITY_2,
FACT_VAC_READINESS,COLD_STORAGE_CAPACITY_70,
FACT_VAC_READINESS,SIGNED_TC,
FACT_VAC_READINESS,PARTICIPANT_READINESS,
FACT_VAC_READINESS,SIGNED_VRF,
FACT_VAC_READINESS,PARTICIPATION_MODEL_2,
FACT_VAC_READINESS,PARTICIPANT_READINESS_CTG,
FACT_VAC_READINESS,PARTICIPATION_MODEL_FK,REF_PARTICIPATION_MODEL
FACT_VAC_READINESS,COLD_STORAGE_CAPACITY_20,
FACT_VAC_READINESS,MAX_SHIPMENT_SIZE_70,
FACT_VAC_READINESS,BILATERAL,
FACT_VAC_READINESS,COPARTICIPANT_READINESS_CTG,
FACT_VAC_READINESS,SIGNED_VIF,
FACT_VAC_READINESS,MAX_SHIPMENT_SIZE_2,
FACT_VAC_READINESS,COLD_STORAGE_CAPACITY_70,
FACT_VAC_READINESS,MAX_SHIPMENT_SIZE_70,
FACT_VAC_READINESS,COLD_STORAGE_CAPACITY_20,
FACT_VAC_READINESS,PARTICIPANT_READINESS_CTG,
FACT_VAC_READINESS,PARTICIPANT_READINESS,
FACT_VAC_READINESS,COLD_STORAGE_CAPACITY_2,
FACT_VAC_READINESS,BILATERAL,
FACT_VAC_READINESS,SIGNED_TC,
FACT_VAC_READINESS,SIGNED_VIF,
FACT_VAC_READINESS,COPARTICIPANT_READINESS_CTG,
FACT_VAC_READINESS,MAX_SHIPMENT_SIZE_2,
FACT_VAC_READINESS,MAX_SHIPMENT_SIZE_20,
FACT_VAC_READINESS,REGULATORY_PATHWAY,
FACT_VAC_READINESS,PARTICIPATION_MODEL_FK,REF_PARTICIPATION_MODEL
FACT_VAC_READINESS,ROUND_FK,REF_ROUND
FACT_VAC_READINESS,SIGNED_VRF,
FACT_VAC_READINESS,REALLOCATION_ELIGIBLE,
FACT_VAC_READINESS,REALLOCATION_ELIGIBLE,
FACT_VAC_READINESS,PARTICIPATION_MODEL_2,
FACT_VAC_READINESS,PARTICIPATION_MODEL_2,
FACT_VAC_READINESS,REQUESTED_POPULATION,
FACT_VAC_READINESS,COVAX_POPULATION,
FACT_VAC_READINESS,CONSISTENSY_INTEREST,
FACT_VAC_READINESS,CONSISTENCY_INTEREST,
FACT_VAC_READINESS,UNIQUE_PRODUCT_INTEREST,
FACT_VAC_READINESS,SEVERITY,
FACT_VAC_READINESS,ALLOCATED_POPULATION_ALL_SOURCES,
FACT_VAC_READINESS,ALLOW_MULTIPLE_VACCINES,
FACT_VAC_READINESS,ALLOW_MULTIPLE_VACCINES,
FACT_VAC_READINESS,MANUAL_ROUND_MINIMUM,
FACT_VAC_READINESS,UCC_MAXIMUM,
FACT_VAC_READINESS,ALLOCATED_POPULATION_OBJECTIVE,
FACT_VAC_READINESS,ALLOCATED_POPULATION_OBJECTIVE,
FACT_VAC_READINESS,ROUND_MAXIMUM,
FACT_VAC_READINESS,UCC_MAXIMUM,
FACT_VAC_READINESS,UCC_MAXIMUM,
FACT_VAC_READINESS,ROUND_MAXIMUM,
FACT_VAC_READINESS_PHASE_2,PARTICIPANT_FK,REF_PARTICIPANT
FACT_VAC_READINESS_PHASE_2,ROUND_FK,REF_ROUND
FACT_VAC_READINESS_PHASE_2,PARTICIPATION_MODEL_FK,REF_PARTICIPATION_MODEL
FACT_VAC_READINESS_PHASE_2,VOLUNTARY_DELAY,
FACT_VAC_READINESS_PHASE_2,COMMENT,
FACT_VAC_READINESS_PHASE_2,COVAX_POPULATION,
FACT_VAC_READINESS_PHASE_2,ALLOCATED_POPULATION_OBJECTIVE,
FACT_VAC_READINESS_PHASE_2,COLD_STORAGE_CAPACITY_2,
FACT_VAC_READINESS_PHASE_2,COLD_STORAGE_CAPACITY_20,
FACT_VAC_READINESS_PHASE_2,COLD_STORAGE_CAPACITY_70,
FACT_VAC_READINESS_PHASE_2,SIGNED_TC,
FACT_VAC_READINESS_PHASE_2,REGULATORY_PATHWAY,
FACT_VAC_READINESS_PHASE_2,BILATERAL,
FACT_VAC_READINESS_PHASE_2,MAX_SHIPMENT_SIZE_2,
FACT_VAC_READINESS_PHASE_2,MAX_SHIPMENT_SIZE_20,
FACT_VAC_READINESS_PHASE_2,MAX_SHIPMENT_SIZE_70,
FACT_VAC_READINESS_PHASE_2,REGULATORY_PATHWAY,
FACT_VAC_READINESS_PHASE_2,MAX_SHIPMENT_SIZE_20,
FACT_VAC_READINESS_PHASE_2,SIGNED_TC,
FACT_VAC_READINESS_PHASE_2,MAX_SHIPMENT_SIZE_2,
FACT_VAC_READINESS_PHASE_2,MAX_SHIPMENT_SIZE_70,
FACT_VAC_READINESS_PHASE_2,BILATERAL,
FACT_VAC_SUPPLY,VAC_PRODUCT_FK,REF_VACCINE
FACT_VAC_SUPPLY,ROUND_FK,REF_ROUND
FACT_VAC_SUPPLY,OP_ROUND_MINIMUM,
FACT_VAC_SUPPLY,PARTICIPATION_MODEL,
FACT_VAC_SUPPLY,COST_PER_DOSE,
FACT_VAC_SUPPLY,OP_ROUND_MINIMUM,
FACT_VAC_SUPPLY,PARTICIPATION_MODEL,
FACT_VAC_SUPPLY,COST_PER_DOSE,
FACT_VAC_SUPPLY,CATEGORY_FK,REF_CATEGORY
FACT_VAC_SUPPLY,MINIMUM_SHIPMENT_SIZE,
FACT_VAC_SUPPLY,PROCURED_DOSES,
FACT_VAC_SUPPLY,PROCURED_DATE,
FACT_VAC_SUPPLY,BATCH_SIZE,
FACT_VAC_SUPPLY,PROCURED_DOSES,
FACT_VAC_SUPPLY,BATCH_SIZE,
FACT_VAC_SUPPLY,MINIMUM_SHIPMENT_SIZE,
FACT_VAC_SUPPLY,BATCH_SIZE,
FACT_VAC_SUPPLY,MINIMUM_SHIPMENT_SIZE,
FACT_VAC_SUPPLY,DEAL_FK,REF_DEAL
FACT_VAC_SUPPLY,PROCURED_DATE,
FACT_VAC_SUPPLY,DEAL_FK,REF_DEAL
FACT_VAC_SUPPLY,PROCURED_DATE,
FACT_VAC_SUPPLY,PROCURED_DOSES_BUFFER,
FACT_VAC_SUPPLY,TOTAL_DOSES_DIVISIBLE,
FACT_VAC_SUPPLY,PROCURED_DOSES_DIVISIBLE,
FACT_VAC_SUPPLY,BUFFER_DIVISIBLE,
FACT_VAC_SUPPLY,BUFFER,
FACT_VAC_SUPPLY,PROCURED_DOSES_DIVISIBLE,
FACT_VAC_SUPPLY,BUFFER_DIVISIBLE,
FACT_VAC_SUPPLY,BUFFER,
FACT_VAC_SUPPLY,SUPPLY_BATCH_ID,
FACT_VAC_SUPPLY,SUPPLY_BATCH_ID,
FACT_VAC_SUPPLY_PHASE_2,ROUND_FK,REF_ROUND
FACT_VAC_SUPPLY_PHASE_2,MONTH,
FACT_VAC_SUPPLY_PHASE_2,YEAR,
FACT_VAC_SUPPLY_PHASE_2,CERTAIN,
FACT_VAC_SUPPLY_PHASE_2,SUPPLY,
FACT_VAC_SUPPLY_PHASE_2,DEAL_PRIORITY,
FACT_VAC_SUPPLY_PHASE_2,DEAL_FK,REF_DEAL
FACT_VAC_SUPPLY_PHASE_2,LAST_ALLOCATION_MONTH,
FACT_VAC_SUPPLY_PHASE_2,DEAL_GROUP,
FACT_VAC_SUPPLY_PHASE_2,GROUP_WEIGHT,
FACT_VAC_SUPPLY_PHASE_2,GROUP_WEIGHT,
PBI_FACT_VAC_EXCLUSION_REASON,DATE,
PBI_FACT_VAC_EXCLUSION_REASON,PARTICIPANT_FK,REF_PARTICIPANT
PBI_FACT_VAC_EXCLUSION_REASON,ROUND_FK,REF_ROUND
PBI_FACT_VAC_EXCLUSION_REASON,CATEGORY_ID,
PBI_FACT_VAC_EXCLUSION_REASON,ALG_VERSION_ID,
PBI_FACT_VAC_EXCLUSION_REASON,ALG_VERSION_ID_TEXT,
PBI_FACT_VAC_EXCLUSION_REASON,STATUS,
PBI_FACT_VAC_EXCLUSION_REASON,EXCLUDED_REASON,
PBI_FACT_VAC_EXCLUSION_REASON,EXCLUDED_REASON,
PBI_FACT_VAC_OUTPUT_ALLV,DATE,
PBI_FACT_VAC_OUTPUT_ALLV,ROUND_FK,
PBI_FACT_VAC_OUTPUT_ALLV,COUNTRY_FK,
PBI_FACT_VAC_OUTPUT_ALLV,VAC_FK,
PBI_FACT_VAC_OUTPUT_ALLV,ALLOCATION_ROUND,
PBI_FACT_VAC_OUTPUT_ALLV,ALLOCATED_POPULATION,
PBI_FACT_VAC_OUTPUT_ALLV,ALLOCATED_POPULATION_PERC,
PBI_FACT_VAC_OUTPUT_ALLV,ALLOCATION_TOTAL,
PBI_FACT_VAC_OUTPUT_ALLV,ALLOCATION_TOTAL_PERC,
PBI_FACT_VAC_OUTPUT_ALLV,VERSION_ID_TEXT,
PBI_FACT_VAC_OUTPUT_ALLV,IS_LAST_VERSION,
PBI_FACT_VAC_OUTPUT_ALLV,STATUS,
PBI_FACT_VAC_OUTPUT_ALLV,DEAL_FK,
PBI_FACT_VAC_OUTPUT_ALLV,DEAL_FK,
PBI_FACT_VACCINE_PRODUCT_ALLOCATION,AllocatedDoses,
PBI_FACT_VACCINE_PRODUCT_ALLOCATION,AllocatedCourses,
PBI_FACT_VACCINE_PRODUCT_ALLOCATION,VaccineId,
PBI_FACT_VACCINE_PRODUCT_ALLOCATION,ParticipationModel,
PBI_FACT_VACCINE_PRODUCT_ALLOCATION,RoundId,
PBI_FACT_VACCINE_PRODUCT_ALLOCATION,PercentCovaxCourses,
PBI_FACT_VACCINE_PRODUCT_ALLOCATION,PercentCovaxDoses,
PBI_FACT_VACCINE_PRODUCT_ALLOCATION,VaccineName,
PBI_FACT_VACCINE_PRODUCT_ALLOCATION,RoundName,
PBI_FACT_VACCINE_PRODUCT_ALLOCATION,VaccineId,
PBI_FACT_VACCINE_PRODUCT_ALLOCATION,PercentCovaxCourses,
PBI_FACT_VACCINE_PRODUCT_ALLOCATION,PercentCovaxDoses,
PBI_FACT_VACCINE_PRODUCT_ALLOCATION,ParticipationModel,
PBI_FACT_VACCINE_PRODUCT_ALLOCATION,RoundId,
PBI_FACT_VACCINE_PRODUCT_ALLOCATION,VaccineName,
PBI_FACT_VACCINE_PRODUCT_ALLOCATION,RoundName,
RAW_AUDIT_PORTAL,ALG_VERSION_ID_TEXT,
RAW_AUDIT_PORTAL,DATE,
RAW_AUDIT_PORTAL,ROUND_FK,REF_ROUND
RAW_AUDIT_PORTAL,ID,
RAW_AUDIT_PORTAL,VACCINE_ALLOCATION_STATU_ID,
RAW_AUDIT_PORTAL,STATUS,
RAW_AUDIT_PORTAL,IAVG_VALIDATED_DATE,
RAW_AUDIT_PORTAL,JAT_APPROVED_DATE,
RAW_AUDIT_PORTAL,ALG_VERSION_ID,
RAW_AUDIT_PORTAL,ALG_VERSION_ID,
RAW_AUDIT_PORTAL,JAT_SECOND_APPROVED_DATE,
RAW_AUDIT_PORTAL,JAT_SECOND_APPROVED_DATE,
RAW_AUDIT_PORTAL,JAT_REVERT_DATE,
RAW_COUNTRY_READINESS,PARTICIPANT_ID,
RAW_COUNTRY_READINESS,ROUND_ID,
RAW_COUNTRY_READINESS,PARTICIPANT_NAME,
RAW_COUNTRY_READINESS,BINRARY,
RAW_COUNTRY_READINESS,PARTICIPANT_ID,
RAW_COUNTRY_READINESS,COUNTRY_READINESS,
RAW_COUNTRY_READINESS,ROUND_ID,
RAW_COUNTRY_READINESS,PARTICIPANT_NAME,
RAW_COUNTRY_READINESS,PARTICIPANT_ID,
RAW_COUNTRY_READINESS,COUNTRY_READINESS,
RAW_COUNTRY_READINESS,BINRARY,
RAW_COUNTRY_READINESS,BINARY,
RAW_GAVI,CVX_Vaccine_Platform_Viral_Vector,
RAW_GAVI,CVX_X10doses_per_vial,
RAW_GAVI,CVX_Ultra_Cold_Chain_70_C,
RAW_GAVI,CVX_Type_c,
RAW_GAVI,CVX_Approved_by_SRA_c,
RAW_GAVI,Account,
RAW_GAVI,CVX_Total_Number_of_Safety_Boxes,
RAW_GAVI,CVX_Traditional_Cold_chain_20_c,
RAW_GAVI,CVX_Prequalified_by_WHO,
RAW_GAVI,CVX_Vaccine_Platform_mRNA,
RAW_GAVI,CVX_Emergency_Use_Listing_Only,
RAW_GAVI,CVX_Max_working_days_emergency_approval,
RAW_GAVI,CVX_Vaccine_Platform_Inactivated,
RAW_GAVI,CVX_Fewer_doses_per_regimen,
RAW_GAVI,CVX_Traditional_Cold_chain_2_8_c,
RAW_GAVI,CVX_Lower_Price,
RAW_GAVI,CVX_Planned_Vaccine_Rollout_Date,
RAW_GAVI,CVX_Date_of_the_Request,
RAW_GAVI,CVX_Total_Number_of_Injection_Devices,
RAW_GAVI,CVX_Target_Population_6,
RAW_GAVI,CVX_For_Priority8,
RAW_GAVI,CVX_Cold_Storage_Capacity_70_C,
RAW_GAVI,CVX_For_Priority7,
RAW_GAVI,CVX_Target_Population_8,
RAW_GAVI,CVX_Cold_Storage_Capacity_2_8_C,
RAW_GAVI,CVX_Target_Population_7,
RAW_GAVI,CVX_Target_Population_10,
RAW_GAVI,CVX_Target_Population_1,
RAW_GAVI,CVX_Max_Shipment_Size_20_C,
RAW_GAVI,CVX_Target_Population_4,
RAW_GAVI,CVX_Target_Population_9,
RAW_GAVI,CVX_Target_Population_3,
RAW_GAVI,CVX_For_Priority10,
RAW_GAVI,CVX_Max_Shipment_Size_70_C,
RAW_GAVI,CVX_For_Priority4,
RAW_GAVI,CVX_Cold_Storage_Capacity_20_C,
RAW_GAVI,CVX_Max_Shipment_Size_2_8_C,
RAW_GAVI,CVX_For_Priority1,
RAW_GAVI,CVX_For_Priority2,
RAW_GAVI,CVX_For_Priority5,
RAW_GAVI,CVX_Rationale_for_Target_Population,
RAW_GAVI,CVX_Target_Population_2,
RAW_GAVI,CVX_Target_Population_5,
RAW_GAVI,CVX_For_Priority3,
RAW_GAVI,CVX_For_Priority6,
RAW_GAVI,CVX_For_Priority9,
RAW_GAVI,CVX_For_Priority8,
RAW_GAVI,CVX_Cold_Storage_Capacity_70_C,
RAW_GAVI,CVX_For_Priority7,
RAW_GAVI,CVX_Cold_Storage_Capacity_2_8_C,
RAW_GAVI,CVX_Max_Shipment_Size_20_C,
RAW_GAVI,CVX_For_Priority10,
RAW_GAVI,CVX_Max_Shipment_Size_70_C,
RAW_GAVI,CVX_For_Priority4,
RAW_GAVI,CVX_Cold_Storage_Capacity_20_C,
RAW_GAVI,CVX_Max_Shipment_Size_2_8_C,
RAW_GAVI,CVX_For_Priority1,
RAW_GAVI,CVX_For_Priority2,
RAW_GAVI,CVX_For_Priority5,
RAW_GAVI,CVX_Rationale_for_Target_Population,
RAW_GAVI,CVX_For_Priority3,
RAW_GAVI,CVX_For_Priority6,
RAW_GAVI,CVX_For_Priority9,
RAW_GAVI,CVX_Target_Population_6,
RAW_GAVI,CVX_Target_Population_8,
RAW_GAVI,CVX_Domestic_Vaccine_Production_Capacity,
RAW_GAVI,CVX_Target_Population_7,
RAW_GAVI,CVX_Target_Population_10,
RAW_GAVI,CVX_Target_Population_1,
RAW_GAVI,CVX_Target_Population_4,
RAW_GAVI,CVX_Target_Population_9,
RAW_GAVI,CVX_Target_Population_3,
RAW_GAVI,CVX_Bilateral_deals_to_purchase_vaccines,
RAW_GAVI,CVX_Target_Population_2,
RAW_GAVI,CVX_Target_Population_5,
RAW_GAVI,CVX_Population_Target_For_Vaccine,
RAW_GAVI,CVX_Target_Population_6,
RAW_GAVI,CVX_Target_Population_8,
RAW_GAVI,CVX_Domestic_Vaccine_Production_Capacity,
RAW_GAVI,CVX_Target_Population_7,
RAW_GAVI,CVX_Target_Population_10,
RAW_GAVI,CVX_Target_Population_1,
RAW_GAVI,CVX_Target_Population_4,
RAW_GAVI,CVX_Target_Population_9,
RAW_GAVI,CVX_Target_Population_3,
RAW_GAVI,CVX_Bilateral_deals_to_purchase_vaccines,
RAW_GAVI,CVX_Target_Population_2,
RAW_GAVI,CVX_Target_Population_5,
RAW_GAVI,CVX_Population_Target_For_Vaccine,
RAW_GAVI,CVX_Recognize_Marketing_Auth_of_SRA,
RAW_GAVI,CVX_Purchase_addn_doses_via_cost_share,
RAW_GAVI,CVX_Central_Vaccine_Storage_Type,
RAW_GAVI,CVX_Mechanism_for_WHO_Emergency_Listing,
RAW_GAVI,CVX_Legislation_for_indemnification,
RAW_GAVI,CVX_Pref_if_2_vaccines_available,
RAW_GAVI,CVX_to_recognize_WHO_Prequalified_Prod,
RAW_GAVI,CVX_Provision_ofimmunity_from_litigation,
RAW_GAVI,CVX_Recognize_Marketing_Auth_of_SRA,
RAW_GAVI,CVX_Purchase_addn_doses_via_cost_share,
RAW_GAVI,CVX_Central_Vaccine_Storage_Type,
RAW_GAVI,CVX_Mechanism_for_WHO_Emergency_Listing,
RAW_GAVI,CVX_Legislation_for_indemnification,
RAW_GAVI,CVX_Pref_if_2_vaccines_available,
RAW_GAVI,CVX_to_recognize_WHO_Prequalified_Prod,
RAW_GAVI,CVX_Provision_ofimmunity_from_litigation,
RAW_GAVI,Id,
RAW_GAVI,Preference_vs_Consistency_c,
RAW_GAVI,Id,
RAW_GAVI,Id,
RAW_GAVI,Id,
RAW_GAVI,CCP_MAX_ultra_cold_chain_COVAX_doses_c,
RAW_GAVI,CCP_Would_you_like_a_cap_ultra_cold_chai_c,
RAW_GAVI,CCP_Max_COVAX_doses_per_month_c,
RAW_GAVI,CCP_Would_you_like_a_cap_c,
RAW_GAVI,CCP_Beijing_Institute_of_Biological_c,
RAW_GAVI,CCP_Clover_Biopharmaceuticals_c,
RAW_GAVI,CCP_Novavax_or_Serum_Institute_c,
RAW_GAVI,CCP_Moderna_Switzerland_c,
RAW_GAVI,CCP_Janssen_Pharmaceutica_NV_c,
RAW_GAVI,CCP_Pfizer_BioNTech_c,
RAW_GAVI,CCP_Sinovac_Life_Sciences_c,
RAW_GAVI,CCP_AstraZeneca_SK_Bioscience_c,
RAW_GAVI_CCP_ALLOCATION_ACCEPTANCE,ISO,REF_PARTICIPANT
RAW_GAVI_CCP_ALLOCATION_ACCEPTANCE,SYSTEM_ROUND_ID,
RAW_GAVI_CCP_ALLOCATION_ACCEPTANCE,ROUND_NAME,
RAW_GAVI_CCP_ALLOCATION_ACCEPTANCE,SYSTEM_ALLOCATION_ID,
RAW_GAVI_CCP_ALLOCATION_ACCEPTANCE,SYSTEM_DEAL_ID,
RAW_GAVI_CCP_ALLOCATION_ACCEPTANCE,DEAL_ID,
RAW_GAVI_CCP_ALLOCATION_ACCEPTANCE,PRODUCT_CODE,
RAW_GAVI_CCP_ALLOCATION_ACCEPTANCE,PRODUCT_NAME,
RAW_GAVI_CCP_ALLOCATION_ACCEPTANCE,ALLOCATED_DOSES,
RAW_GAVI_CCP_ALLOCATION_ACCEPTANCE,ACCEPTED_DOSES,
RAW_GAVI_CCP_ALLOCATION_ACCEPTANCE,ALLOCATION_DECISION_COMMENT,
RAW_GAVI_CCP_ALLOCATION_ACCEPTANCE,ALLOCATION_DECISION,
RAW_GAVI_CCP_ALLOCATION_ACCEPTANCE,WHO_ROUND_ID,
RAW_GAVI_CCP_ALLOCATION_ACCEPTANCE,ROUND_NUMBER,
RAW_GAVI_CCP_ALLOCATION_ACCEPTANCE,ORIGINAL_DEAL_ID,
RAW_GAVI_CCP_ALLOCATION_ACCEPTANCE,DONOR_ISO,REF_PARTICIPANT
RAW_GAVI_CCP_ALLOCATION_ACCEPTANCE,ALLOCATION_BATCH_ID,
RAW_GAVI_CCP_ALLOCATION_ACCEPTANCE,SUPPLY_MONTH,
RAW_GAVI_CCP_ALLOCATION_ACCEPTANCE,SUPPLY_YEAR,
RAW_GAVI_CCP_ALLOCATION_ACCEPTANCE,SUPPLY_CERTAIN,
RAW_GAVI_CCP_ALLOCATION_ACCEPTANCE,ALLOCATION_DECISION_RATIONALE,
RAW_GAVI_CCP_ALLOCATION_ACCEPTANCE,INITIALLY_ALLOCATED_DOSES,
RAW_GAVI_CCP_ALLOCATION_ACCEPTANCE,WHO_ROUND_NAME,
RAW_GAVI_CCP_ALLOCATION_ACCEPTANCE,ALLOCATION_DECISION_DATE,
RAW_GAVI_CCP_ALLOCATION_ACCEPTANCE,ALLOCATION_DECISION_ID,
RAW_GAVI_CCP_MAIN_DATA,iso3,
RAW_GAVI_CCP_MAIN_DATA,participant_type,
RAW_GAVI_CCP_MAIN_DATA,cold_storage_2_8,
RAW_GAVI_CCP_MAIN_DATA,cold_storage_20,
RAW_GAVI_CCP_MAIN_DATA,cold_storage_70,
RAW_GAVI_CCP_MAIN_DATA,shipment_size_2_8,
RAW_GAVI_CCP_MAIN_DATA,shipment_size_20,
RAW_GAVI_CCP_MAIN_DATA,shipment_size_70,
RAW_GAVI_CCP_MAIN_DATA,pref_if_2_vac,
RAW_GAVI_CCP_MAIN_DATA,pref_vs_consistency,
RAW_GAVI_CCP_MAIN_DATA,max_ultra_cold_chain,
RAW_GAVI_CCP_MAIN_DATA,max_doses_per_month,
RAW_GAVI_CCP_MAIN_DATA,CCP_Sinopharm_BBIBP_CorV,
RAW_GAVI_CCP_MAIN_DATA,CCP_Beijing_Institute_of_Biological_c,
RAW_GAVI_CCP_MAIN_DATA,CCP_Clover,
RAW_GAVI_CCP_MAIN_DATA,CCP_Novavax_SII_Covovax,
RAW_GAVI_CCP_MAIN_DATA,CCP_Moderna,
RAW_GAVI_CCP_MAIN_DATA,CCP_Janssen,
RAW_GAVI_CCP_MAIN_DATA,CCP_Pfizer_BioNTech,
RAW_GAVI_CCP_MAIN_DATA,CCP_Sinovac_CoronaVac,
RAW_GAVI_CCP_MAIN_DATA,CCP_AstraZeneca_SII_Covishield,
RAW_GAVI_CCP_MAIN_DATA_PHASE_2,ISO3,
RAW_GAVI_CCP_MAIN_DATA_PHASE_2,PARTICIPANT_TYPE,
RAW_GAVI_CCP_MAIN_DATA_PHASE_2,COLD_STORAGE_2_8,
RAW_GAVI_CCP_MAIN_DATA_PHASE_2,COLD_STORAGE_20,
RAW_GAVI_CCP_MAIN_DATA_PHASE_2,COLD_STORAGE_70,
RAW_GAVI_CCP_MAIN_DATA_PHASE_2,SHIPMENT_SIZE_2_8,
RAW_GAVI_CCP_MAIN_DATA_PHASE_2,SHIPMENT_SIZE_20,
RAW_GAVI_CCP_MAIN_DATA_PHASE_2,SHIPMENT_SIZE_70,
RAW_GAVI_CCP_MAIN_DATA_PHASE_2,PREF_IF_2_VAC,
RAW_GAVI_CCP_MAIN_DATA_PHASE_2,PREF_VS_CONSISTENCY,
RAW_GAVI_CCP_MAIN_DATA_PHASE_2,MAX_ULTRA_COLD_CHAIN,
RAW_GAVI_CCP_MAIN_DATA_PHASE_2,MAX_DOSES_PER_MONTH,
RAW_GAVI_CCP_MAIN_DATA_PHASE_2,CCP_SINOPHARM,
RAW_GAVI_CCP_MAIN_DATA_PHASE_2,CCP_CLOVER,
RAW_GAVI_CCP_MAIN_DATA_PHASE_2,CCP_JANSSEN,
RAW_GAVI_CCP_MAIN_DATA_PHASE_2,CCP_MODERNA,
RAW_GAVI_CCP_MAIN_DATA_PHASE_2,CCP_NOVAVAX,
RAW_GAVI_CCP_MAIN_DATA_PHASE_2,CCP_PFIZER,
RAW_GAVI_CCP_MAIN_DATA_PHASE_2,CCP_SINOVAC,
RAW_GAVI_CCP_MAIN_DATA_PHASE_2,CCP_ASTRAZENECA,
RAW_GAVI_CCP_MAIN_DATA_PHASE_2,CCP_SII_COVISHIELD,
RAW_GAVI_CCP_MAIN_DATA_PHASE_2,CCP_SII_COVAVAX,
RAW_GAVI_CCP_MAIN_DATA_PHASE_2,CCP_ASTRAZENECA,
RAW_GAVI_CCP_MAIN_DATA_PHASE_2,CCP_SII_COVISHIELD,
RAW_GAVI_CCP_MAIN_DATA_PHASE_2,CCP_SII_COVAVAX,
RAW_GAVI_CCP_MAIN_DATA_PHASE_2,CCP_SINOVAC,
RAW_GAVI_CCP_MAIN_DATA_PHASE_2,CCP_CLOVER,
RAW_GAVI_CCP_MAIN_DATA_PHASE_2,CCP_MODERNA,
RAW_GAVI_CCP_MAIN_DATA_PHASE_2,CCP_NOVAVAX,
RAW_GAVI_CCP_MAIN_DATA_PHASE_2,CCP_JANSSEN,
RAW_GAVI_CCP_MAIN_DATA_PHASE_2,CCP_SINOPHARM,
RAW_GAVI_CCP_MAIN_DATA_PHASE_2,CCP_PFIZER,
RAW_GAVI_CCP_MAIN_DATA_PHASE_2,VACCINE_ID,
RAW_GAVI_CCP_MAIN_DATA_PHASE_2,PREFERENCE,
RAW_GAVI_CCP_ROUND_SKIPPING_DATA,iso,REF_PARTICIPANT
RAW_GAVI_CCP_ROUND_SKIPPING_DATA,round_name,REF_ROUND
RAW_GAVI_CCP_ROUND_SKIPPING_DATA,round_skipped,
RAW_GAVI_CCP_ROUND_SKIPPING_DATA,gavi_round_id,
RAW_GAVI_COST_SHARING,ROUND_NAME,
RAW_GAVI_COST_SHARING,ParticipantIDARTICIPANT_ID,
RAW_GAVI_COST_SHARING,PARTICIPANT_ID,
RAW_GAVI_COST_SHARING,ROUND_ID,
RAW_GAVI_COST_SHARING,DEAL_ID,
RAW_GAVI_COST_SHARING,PARTICIPANT_ID,
RAW_GAVI_COST_SHARING,ROUND_ID,
RAW_GAVI_COST_SHARING,DEAL_ID,
RAW_GAVI_COST_SHARING,PARTICIPANT_ID,
RAW_GAVI_COST_SHARING,ROUND_ID,
RAW_GAVI_COST_SHARING,ROUND_ID_WHO,
RAW_GAVI_COST_SHARING,DEAL_ID,
RAW_GAVI_COST_SHARING,STATUS,
RAW_GAVI_COST_SHARING,VACCINE_PRODUCT_ID,
RAW_GAVI_COST_SHARING,AFTER_REALLOCATION_QTY_IN_DOSES,
RAW_GAVI_COST_SHARING,INITIAL_SUPPLY_QTY_IN_DOSES,
RAW_GAVI_COST_SHARING,ORIGINAL_DEAL_ID,
RAW_GAVI_COST_SHARING,SYSTEM_ALLOCATION_ID,
RAW_GAVI_COST_SHARING,SYSTEM_ROUND_ID,
RAW_GAVI_COST_SHARING,SYSTEM_ROUND_ID,
RAW_GAVI_COST_SHARING,STATUS,
RAW_GAVI_COST_SHARING,DEAL_ID,
RAW_GAVI_COST_SHARING,ORIGINAL_DEAL_ID,
RAW_GAVI_COST_SHARING,INITIAL_SUPPLY_QTY_IN_DOSES,
RAW_GAVI_COST_SHARING,VACCINE_PRODUCT_ID,
RAW_GAVI_COST_SHARING,AFTER_REALLOCATION_QTY_IN_DOSES,
RAW_GAVI_COST_SHARING,SYSTEM_ALLOCATION_ID,
RAW_GAVI_DEAL,SYSTEM_DEAL_ID,
RAW_GAVI_DEAL,PARENT_SYSTEM_DEAL_ID,
RAW_GAVI_DEAL,DEAL_ID,
RAW_GAVI_DEAL,DEAL_NAME,
RAW_GAVI_DEAL,ORIGINAL_DEAL_ID,
RAW_GAVI_DEAL,PARENT_DEAL_ID,
RAW_GAVI_DEAL,VACCINE_LABEL_CODE,
RAW_GAVI_DEAL,TYPE,
RAW_GAVI_DEAL,RECORD_TYPE,
RAW_GAVI_DEAL,DONOR_ISO,
RAW_GAVI_DEAL,HB_ELIGIBLE,
RAW_GAVI_DEAL,SUM_OF_DOSES_ALLOCATED,
RAW_GAVI_DEAL,SUM_OF_DOSES_FROM_CHILD_DEAL,
RAW_GAVI_DEAL,SUM_OF_DOSES_FROM_OFFERS,
RAW_GAVI_DEAL,TOTAL_DOSES_APA,
RAW_GAVI_DEAL,TOTAL_DOSES_DONATION,
RAW_GAVI_DEAL,TOTAL_DOSES_FOC,
RAW_GAVI_DEAL,TOTAL_POTENTIAL_DOSES,
RAW_GAVI_DEAL,DONATION,
RAW_GAVI_DEAL,APA_DOSES,
RAW_GAVI_DEAL,COVAX_DOSES,
RAW_GAVI_DEAL,PEDIATRIC_DOSES,
RAW_GAVI_DEAL_LEVEL,OPT_OUT,
RAW_GAVI_DEAL_LEVEL,PARTICIPANT_FK,REF_PARTICIPANT
RAW_GAVI_DEAL_LEVEL,EARMARKING,
RAW_GAVI_DEAL_LEVEL,MAXIMUM_DOSES,
RAW_GAVI_DEAL_LEVEL,DEAL_FK,
RAW_GAVI_DEAL_LEVEL,COST_PER_DOSE,
RAW_GAVI_DEAL_LEVEL,OPT_OUT_PRICE,
RAW_GAVI_DEAL_LEVEL,VAC_PRODUCT_FK,REF_VACCINE
RAW_GAVI_EARMARKS,DEAL_ID,
RAW_GAVI_EARMARKS,PARTICIPANT_DEAL_ISO3,
RAW_GAVI_EARMARKS,PARTICIPANT_DEAL_EARMARKS,
RAW_GAVI_EARMARKS,DEAL_TYPE,
RAW_GAVI_EARMARKS,ORIGINAL_DEAL_ID,
RAW_GAVI_PROGRAM_DATA,PARTICIPANT_FK,REF_PARTICIPANT
RAW_GAVI_PROGRAM_DATA,DATE_JOINED,
RAW_GAVI_PROGRAM_DATA,DATE_LEFT,
RAW_GAVI_PROGRAM_DATA,ELIGIBILITY_COMMENTS,
RAW_GAVI_PROGRAM_DATA,LEFT_FACILITY,
RAW_GAVI_PROGRAM_DATA,PARTICIPANT_TYPE,
RAW_GAVI_PROGRAM_DATA,COUNTRY_NAME,
RAW_GAVI_PROGRAM_DATA,MET_LEGAL_AND_FINANCIAL_REQ,
RAW_GAVI_PROGRAM_DATA,PROGRAM_CODE,
RAW_GAVI_PROGRAM_DATA,PROGRAM_NAME,
RAW_GAVI_PROGRAM_DATA,STATUS,
RAW_GAVI_PROGRAM_DATA,CCP_TARGET_COVERAGE_C,
RAW_GAVI_PROGRAM_DATA,POPULATION_YEAR,
RAW_GAVI_PROGRAM_DATA,POPULATION_SOURCE,
RAW_GAVI_PROGRAM_DATA,REQUESTED_POPULATION_COVERAGE,
RAW_GAVI_PROGRAM_DATA,POPULATION,
RAW_GAVI_PROGRAM_DATA,POPULATION,
RAW_GAVI_PROGRAM_DATA,REQUESTED_POPULATION_COVERAGE,
RAW_GAVI_ROUND_LEVEL,PARTICIPATION_MODEL_FK,REF_PARTICIPATION_MODEL
RAW_GAVI_ROUND_LEVEL,ROUND_FK,REF_ROUND
RAW_GAVI_ROUND_LEVEL,PARTICIPANT_FK,REF_PARTICIPANT
RAW_GAVI_ROUND_LEVEL,VOLUNTARY_DELAY,
RAW_GAVI_SFP,PARTICIPANT_ID,
RAW_GAVI_SFP,ROUND_ID,
RAW_GAVI_SFP,ROUND_NAME,
RAW_GAVI_SFP,ROUND_ID_WHO,
RAW_GAVI_SFP,DEAL_ID,
RAW_GAVI_SFP,STATUS,
RAW_GAVI_SFP,VACCINE_PRODUCT_ID,
RAW_GAVI_SFP,AFTER_REALLOCATION_QTY_IN_DOSES,
RAW_GAVI_SFP,INITIAL_SUPPLY_QTY_IN_DOSES,
RAW_GAVI_SFP,ORIGINAL_DEAL_ID,
RAW_GAVI_SFP,SYSTEM_ALLOCATION_ID,
RAW_GAVI_SFP,SYSTEM_ROUND_ID,
RAW_OUR_WORLD_IN_DATA,ISO_CODE,
RAW_OUR_WORLD_IN_DATA,DATE,
RAW_OUR_WORLD_IN_DATA,TOTAL_CASES,
RAW_OUR_WORLD_IN_DATA,NEW_CASES,
RAW_OUR_WORLD_IN_DATA,TOTAL_DEATHS,
RAW_OUR_WORLD_IN_DATA,NEW_DEATHS,
RAW_OUR_WORLD_IN_DATA,TOTAL_CASES_PER_MILLION,
RAW_OUR_WORLD_IN_DATA,NEW_CASES_PER_MILLION,
RAW_OUR_WORLD_IN_DATA,NEW_CASES_SMOOTHED_PER_MILLION,
RAW_OUR_WORLD_IN_DATA,TOTAL_DEATHS_PER_MILLION,
RAW_OUR_WORLD_IN_DATA,NEW_DEATHS_PER_MILLION,
RAW_OUR_WORLD_IN_DATA,NEW_DEATHS_SMOOTHED_PER_MILLION,
RAW_OUR_WORLD_IN_DATA,REPRODUCTION_RATE,
RAW_OUR_WORLD_IN_DATA,ICU_PATIENTS,
RAW_OUR_WORLD_IN_DATA,ICU_PATIENTS_PER_MILLION,
RAW_OUR_WORLD_IN_DATA,HOSP_PATIENTS,
RAW_OUR_WORLD_IN_DATA,HOSP_PATIENTS_PER_MILLION,
RAW_OUR_WORLD_IN_DATA,WEEKLY_ICU_ADMISSIONS_PER_MILLION,
RAW_OUR_WORLD_IN_DATA,WEEKLY_HOSP_ADMISSIONS_PER_MILLION,
RAW_OUR_WORLD_IN_DATA,NEW_TESTS,
RAW_OUR_WORLD_IN_DATA,TOTAL_TESTS,
RAW_OUR_WORLD_IN_DATA,TOTAL_TESTS_PER_THOUSAND,
RAW_OUR_WORLD_IN_DATA,NEW_TESTS_PER_THOUSAND,
RAW_OUR_WORLD_IN_DATA,NEW_TESTS_SMOOTHED_PER_THOUSAND,
RAW_OUR_WORLD_IN_DATA,POSITIVE_RATE,
RAW_OUR_WORLD_IN_DATA,TESTS_PER_CASE,
RAW_OUR_WORLD_IN_DATA,TOTAL_VACCINATIONS,
RAW_OUR_WORLD_IN_DATA,PEOPLE_VACCINATED,
RAW_OUR_WORLD_IN_DATA,PEOPLE_FULLY_VACCINATED,
RAW_OUR_WORLD_IN_DATA,NEW_VACCINATIONS,
RAW_OUR_WORLD_IN_DATA,NEW_VACCINATIONS_SMOOTHED,
RAW_OUR_WORLD_IN_DATA,TOTAL_VACCINATIONS_PER_HUNDRED,
RAW_OUR_WORLD_IN_DATA,PEOPLE_VACCINATED_PER_HUNDRED,
RAW_OUR_WORLD_IN_DATA,PEOPLE_FULLY_VACCINATED_PER_HUNDRED,
RAW_OUR_WORLD_IN_DATA,NEW_VACCINATIONS_SMOOTHED_PER_MILLION,
RAW_OUR_WORLD_IN_DATA,STRINGENCY_INDEX,
RAW_OUR_WORLD_IN_DATA,POPULATION,
RAW_OUR_WORLD_IN_DATA,NEW_CASES_SMOOTHED,
RAW_OUR_WORLD_IN_DATA,NEW_DEATHS_SMOOTHED,
RAW_OUR_WORLD_IN_DATA,NEW_TESTS_SMOOTHED,
RAW_OUR_WORLD_IN_DATA,TESTS_UNITS,
RAW_OUR_WORLD_IN_DATA,NEW_CASES_SMOOTHED,
RAW_OUR_WORLD_IN_DATA,NEW_DEATHS_SMOOTHED,
RAW_OUR_WORLD_IN_DATA,TESTS_UNITS,
RAW_OUR_WORLD_IN_DATA,NEW_TESTS_SMOOTHED,
RAW_OUR_WORLD_IN_DATA,WEEKLY_ICU_ADMISSIONS,
RAW_OUR_WORLD_IN_DATA,WEEKLY_HOSP_ADMISSIONS,
RAW_OUR_WORLD_IN_DATA,WEEKLY_HOSP_ADMISSIONS,
RAW_OUR_WORLD_IN_DATA,WEEKLY_ICU_ADMISSIONS,
RAW_UNICEF_SUPPLY,VACCINE_PRODUCT_ID,
RAW_UNICEF_SUPPLY,SUPPLY_QTY_IN_DOSES,
RAW_UNICEF_SUPPLY,VACCINE_PRODUCT_ID,
RAW_UNICEF_SUPPLY,MONTH,
RAW_UNICEF_SUPPLY,ROUND_ID,
RAW_UNICEF_SUPPLY,ROUND_ID,
RAW_UNICEF_SUPPLY,DEAL_ID,
RAW_UNICEF_SUPPLY,YEAR,
RAW_UNICEF_SUPPLY,CERTAIN,
RAW_UNICEF_SUPPLY,DEAL_ID,
RAW_UNICEF_SUPPLY,VACCINE_PRODUCT_ID,
RAW_UNICEF_SUPPLY,SUPPLY_QTY_IN_DOSES,
RAW_UNICEF_SUPPLY,DEAL_ID,
RAW_UNICEF_SUPPLY,SUPPLY_QTY_IN_DOSES,
RAW_UNICEF_SUPPLY,VACCINE_PRODUCT_ID,
RAW_UNICEF_VACCINE,PRODUCTION_SITE_COUNTRY,
RAW_UNICEF_VACCINE,PRODUCTION_SITE_COUNTRY,
RAW_UNICEF_VACCINE,PRODUCT_ID,
RAW_UNICEF_VACCINE,PRODUCT_ID,
RAW_UNICEF_VACCINE,GTIN,
RAW_UNICEF_VACCINE,EUL_HOLDER,
RAW_UNICEF_VACCINE,DRUG_PRODUCT_SOURCE,
RAW_UNICEF_VACCINE,NAME,
RAW_UNICEF_VACCINE,MANUFACTURER_CODE,
RAW_UNICEF_VACCINE,MANUFACTURER_NAME,
RAW_UNICEF_VACCINE,PRODUCTION_SITE_CODE,
RAW_UNICEF_VACCINE,PRODUCTION_SITE_NAME,
RAW_UNICEF_VACCINE,PRODUCTION_SITE_ADDRESS,
RAW_UNICEF_VACCINE,PRODUCTION_SITE_PARTICIPANT,
RAW_UNICEF_VACCINE,PRESENTATION_IN_DOSES_PER_VIAL,
RAW_UNICEF_VACCINE,DOSES_PER_REGIMEN,
RAW_UNICEF_VACCINE,PLATFORM,
RAW_UNICEF_VACCINE,COLD_CHAIN_REQUIREMENT,
RAW_UNICEF_VACCINE,PRICE_PER_DOSE,
RAW_UNICEF_VACCINE,MINIMUM_ORDER_IN_DOSES,
RAW_UNICEF_VACCINE,PRODUCTION_SITE_NAME,
RAW_UNICEF_VACCINE,PLATFORM,
RAW_UNICEF_VACCINE,PRESENTATION_IN_DOSES_PER_VIAL,
RAW_UNICEF_VACCINE,PRICE_PER_DOSE,
RAW_UNICEF_VACCINE,PRODUCTION_SITE_CODE,
RAW_UNICEF_VACCINE,MINIMUM_ORDER_IN_DOSES,
RAW_UNICEF_VACCINE,NAME,
RAW_UNICEF_VACCINE,PRODUCTION_SITE_ADDRESS,
RAW_UNICEF_VACCINE,DOSES_PER_REGIMEN,
RAW_UNICEF_VACCINE,PRODUCTION_SITE_PARTICIPANT,
RAW_UNICEF_VACCINE,MANUFACTURER_CODE,
RAW_UNICEF_VACCINE,MANUFACTURER_NAME,
RAW_UNICEF_VACCINE,COLD_CHAIN_REQUIREMENT,
RAW_UNICEF_VACCINE,VACCINE_LABEL_CODE,
RAW_UNICEF_VACCINE,MINIMUM_SHIPMENT_SIZE,
RAW_UNICEF_VACCINE,IS_PEDIATRIC_DOSES,
REF_CATEGORY,CODE,
REF_CATEGORY,CATEGORY,
REF_CATEGORY,PRODUCT_CATEGORY_CODE_FK,REF_PRODUCT_CATEGORY
REF_COLD_CHAIN,COLD_CHAIN,
REF_COLD_CHAIN,COLD_CHAIN_MIN,
REF_COLD_CHAIN,COLD_CHAIN_MAX,
REF_COLD_CHAIN,COLD_CHAIN,
REF_COLD_CHAIN,COLD_CHAIN_MIN,
REF_COLD_CHAIN,COLD_CHAIN_MAX,
REF_COLD_CHAIN,CODE,
REF_COLD_CHAIN,TITLE,
REF_COLD_CHAIN,DESCRIPTION,
REF_COLD_CHAIN,CODE,
REF_COLD_CHAIN,TITLE,
REF_COLD_CHAIN,DESCRIPTION,
REF_COV_VACCINES,TITLE,
REF_COV_VACCINES,DESCRIPTION,
REF_COV_VACCINES,TITLEFR,
REF_COV_VACCINES,TITLESP,
REF_COV_VACCINES,TITLERU,
REF_COV_VACCINES,START_DATE,
REF_COV_VACCINES,END_DATE,
REF_COV_VACCINES,DEPLOYED,
REF_COV_VACCINES,CODE,
REF_COV_VACCINES,EUL_DATE,
REF_COV_VACCINES,DISPLAY_NAME,
REF_COV_VACCINES,DISPLAY_NAME,
REF_COV_VACCINES,DISPLAY_NAMEFR,
REF_COV_VACCINES,DISPLAY_NAMESP,
REF_COV_VACCINES,DISPLAY_NAMERU,
REF_COV_VACCINES,DISPLAY_NAMERU,
REF_COV_VACCINES,DISPLAY_NAMEFR,
REF_COV_VACCINES,DISPLAY_NAMESP,
REF_COV_VACCINES,REGIMEN,
REF_COV_VACCINES,CODE,
REF_COV_VACCINES,CODE,
REF_CURRENCY,DESCRIPTION,
REF_CURRENCY,TITLE,
REF_CURRENCY,CODE,
REF_DEAL,DEAL_ID,
REF_DEAL,DONOR_ID,
REF_DEAL,DONOR_NAME,
REF_DEAL,MASTER_APA,
REF_DEAL,PRODUCT_FK,REF_VACCINE
REF_DEAL,PHASE,
REF_DEAL,PARENT_DEAL,
REF_DEAL,PRODUCT_FK,REF_VACCINE
REF_DEAL,TOTAL_DEAL_DOSES,
REF_DEAL,START_DATE,
REF_DEAL,END_DATE,
REF_DEAL,DEAL_COMMENTS,
REF_DEAL,DONOR_FK,REF_PARTICIPANT
REF_DEAL,DONOR_NAME,
REF_DEAL,VAC_NAME,
REF_DEAL,COVAX_DOSES,
REF_DEAL,MASTER_APA,
REF_DEAL,DONATION,
REF_DEAL,HB_ELIGIBLE,
REF_DEAL,COVAX_DOSES,
REF_DEAL,VAC_NAME,
REF_DEAL,PRODUCT_FK,REF_VACCINE
REF_DEAL,START_DATE,
REF_DEAL,DONATION,
REF_DEAL,DONOR_NAME,
REF_DEAL,TOTAL_DEAL_DOSES,
REF_DEAL,DEAL_COMMENTS,
REF_DEAL,HB_ELIGIBLE,
REF_DEAL,DONOR_FK,REF_PARTICIPANT
REF_DEAL,MASTER_APA,
REF_DEAL,PARENT_DEAL,
REF_DEAL,END_DATE,
REF_DEAL,VACCINE_ID,
REF_DEAL,VACCINE_ID,REF_COV_VACCINES
REF_MINIMUM_SHIPMENT_SIZE,VAC_PRODUCT_FK,REF_VACCINE
REF_MINIMUM_SHIPMENT_SIZE,MANUFACTURER_NAME_SHORT_FK,
REF_MINIMUM_SHIPMENT_SIZE,MINIMUM_SHIPMENT_SIZE_THRESHOLD_1,
REF_MINIMUM_SHIPMENT_SIZE,MINIMUM_SHIPMENT_SIZE_THRESHOLD_2,
REF_MINIMUM_SHIPMENT_SIZE,MINIMUM_SHIPMENT_SIZE_THRESHOLD_3,
REF_MINIMUM_SHIPMENT_SIZE,MINIMUM_SHIPMENT_SIZE_THRESHOLD_4,
REF_MINIMUM_SHIPMENT_SIZE,MINIMUM_SHIPMENT_SIZE_THRESHOLD_5,
REF_MINIMUM_SHIPMENT_SIZE,MINIMUM_SHIPMENT_SIZE_THRESHOLD_5,
REF_MINIMUM_SHIPMENT_SIZE,BATCH_SIZE,
REF_MINIMUM_SHIPMENT_SIZE,BATCH_SIZE,
REF_PARTICIPANT,COUNTRY_ID,
REF_PARTICIPANT,PARTICIPANT_ID,
REF_PARTICIPANT,GAVI_COUNTRY_CODE,
REF_PARTICIPANT,WHO_COUNTRY_CODE,
REF_PARTICIPANT,UNICEF_COUNTRY_CODE,
REF_PARTICIPANT,WHO_PARTICIPANT_CODE,
REF_PARTICIPANT,NAME_SHORT_FR,
REF_PARTICIPANT,WHO_REGION,REF_WHO_REGIONS
REF_PARTICIPANT,NAME_SHORT_ES,
REF_PARTICIPANT,NAME_SHORT_RU,
REF_PARTICIPANT,GAVI_PARTICIPANT_CODE,
REF_PARTICIPANT,WHO_LEGAL_STATUS,
REF_PARTICIPANT,NAME_SHORT_ZH,
REF_PARTICIPANT,NAME_SHORT_EN,
REF_PARTICIPANT,COVAX,
REF_PARTICIPANT,NAME_FORMAL_ZH,
REF_PARTICIPANT,NAME_FORMAL_AR,
REF_PARTICIPANT,NAME_FORMAL_RU,
REF_PARTICIPANT,UNICEF_PARTICIPANT_CODE,
REF_PARTICIPANT,NAME_FORMAL_EN,
REF_PARTICIPANT,NAME_FORMAL_FR,
REF_PARTICIPANT,NAME_FORMAL_ES,
REF_PARTICIPANT,WB_INCOME,
REF_PARTICIPANT,NAME_SHORT_AR,
REF_PARTICIPANT,NAME_FORMAL_EN,
REF_PARTICIPANT,NAME_FORMAL_FR,
REF_PARTICIPANT,NAME_SHORT_RU,
REF_PARTICIPANT,NAME_SHORT_EN,
REF_PARTICIPANT,NAME_FORMAL_RU,
REF_PARTICIPANT,NAME_FORMAL_AR,
REF_PARTICIPANT,GAVI_PARTICIPANT_CODE,
REF_PARTICIPANT,NAME_FORMAL_ZH,
REF_PARTICIPANT,NAME_SHORT_ES,
REF_PARTICIPANT,WHO_LEGAL_STATUS,
REF_PARTICIPANT,UNICEF_PARTICIPANT_CODE,
REF_PARTICIPANT,NAME_SHORT_AR,
REF_PARTICIPANT,NAME_SHORT_FR,
REF_PARTICIPANT,WB_INCOME,
REF_PARTICIPANT,NAME_FORMAL_ES,
REF_PARTICIPANT,NAME_SHORT_ZH,
REF_PARTICIPANT,WHO_REGION,REF_WHO_REGIONS
REF_PARTICIPANT,COVAX_VAC,
REF_PARTICIPANT,REALLOCATION_VAC_ELIGIBLE,
REF_PARTICIPANT,ACTA_THR,
REF_PARTICIPANT,REALLOCATION_THR_ELIGIBLE,
REF_PARTICIPANT,REALLOCATION_ELIGIBLE,
REF_PARTICIPANT,COVAX,
REF_PARTICIPANT,REALLOCATION_ELIGIBLE,
REF_PARTICIPANT,COVAX,
REF_PARTICIPATION_MODEL,CODE,
REF_PARTICIPATION_MODEL,DESCRIPTION,
REF_PARTICIPATION_MODEL,TITLE,
REF_PARTNER,DESCRIPTION,
REF_PARTNER,CODE,
REF_PARTNER,TITLE,
REF_POPULATION,COUNTRY_FK,REF_PARTICIPANT
REF_POPULATION,PARTICIPANT_FK,REF_PARTICIPANT
REF_POPULATION,PARTICIPANT_FK,REF_PARTICIPANT
REF_POPULATION,SMALL_PARTICIPANT_WB,
REF_POPULATION,SMALL_ECONOMY,
REF_POPULATION,UNPD_POPULATION,
REF_POPULATION,WB_POPULATION,
REF_POPULATION,UNPD_POPULATION,
REF_POPULATION,WB_POPULATION,
REF_POPULATION,COMMENT,
REF_POPULATION,SMALL_ECONOMY,
REF_POPULATION,SMALL_ECONOMY,
REF_POPULATION,SMALL_PARTICIPANT_WB,
REF_POPULATION,YEAR,
REF_POPULATION,VRF_POPULATION,
REF_POPULATION,SMALL_PARTICIPANT_WB,
REF_POPULATION,YEAR,
REF_POPULATION,VRF_POPULATION,
REF_POPULATION,REQUESTED_POPULATION,
REF_POPULATION,COVAX_POPULATION,
REF_POPULATION,REQUESTED_POPULATION,
REF_POPULATION,COVAX_POPULATION,
REF_POPULATION,SMALL_PARTICIPANT,
REF_POPULATION,SMALL_PARTICIPANT,
REF_PRODUCT_CATEGORY,CODE,
REF_PRODUCT_CATEGORY,PRODUCT_CATEGORY,
REF_REG,VAC_PRODUCT_FK,REF_VACCINE
REF_REG,REG_EUL,
REF_REG,REG_PQ,
REF_REG,REG_EUL,
REF_REG,REG_PQ,
REF_REG,REG_SRA,
REF_REG,REG_SRA,
REF_ROUND,END_DATE,
REF_ROUND,START_DATE,
REF_ROUND,ROUND_INFO,
REF_ROUND,ROUND_INFO,
REF_ROUND,ROUND_NAME,
REF_ROUND,CATEGORY_FK,REF_CATEGORY
REF_ROUND,CATEGORY_FK,REF_CATEGORY
REF_ROUND,CONTEXTUAL_CODE,
REF_ROUND,PBI_ORDER,
REF_ROUND,CODE,
REF_ROUND,PRODUCT_CATEGORY_CODE_FK,REF_PRODUCT_CATEGORY
REF_ROUND,CODE,
REF_ROUND,PBI_ORDER,
REF_ROUND,PBI_ORDER,
REF_ROUND,CODE,
REF_ROUND,PARENT_ROUND,
REF_ROUND,NUMBER_OF_MONTHS,
REF_ROUND,PARENT_ROUND,
REF_ROUND,PHASE,
REF_ROUND,PHASE,
REF_VAC_PLATFORM,CODE,
REF_VAC_PLATFORM,TITLE,
REF_VAC_PLATFORM,DESCRIPTION,
REF_VACCINE,PRODUCTION_SITE_PARTICIPANT_FK,REF_PARTICIPANT
REF_VACCINE,PRODUCTION_SITE_NAME,
REF_VACCINE,PRODUCTION_SITE_REGION_FK,REF_WHO_REGIONS
REF_VACCINE,VAC_PRODUCT_ID,
REF_VACCINE,DOSES_PER_VIAL,
REF_VACCINE,IS_FEW_DOSES_PER_REGIMEN,
REF_VACCINE,IS_LOW_PRICE,
REF_VACCINE,IS_LOW_PRICE,
REF_VACCINE,DOSES_PER_VIAL,
REF_VACCINE,VAC_PRODUCT_ID,
REF_VACCINE,IS_FEW_DOSES_PER_REGIMEN,
REF_VACCINE,PRODUCTION_SITE_FK,
REF_VACCINE,PRODUCTION_SITE_FK,
REF_VACCINE,MANUFACTURER_NAME_SHORT,
REF_VACCINE,MANUFACTURER_NAME_LONG,
REF_VACCINE,MANUFACTURER_FK,
REF_VACCINE,MANUFACTURER_ID,
REF_VACCINE,INN,
REF_VACCINE,VAC_PLATFORM_FK,REF_VAC_PLATFORM
REF_VACCINE,COLD_CHAIN_FK,REF_COLD_CHAIN
REF_VACCINE,REGIMEN,
REF_VACCINE,VAC_INTERVAL,
REF_VACCINE,VACCINE_ID_GROUP,
REF_VACCINE,VAC_FK,
REF_VACCINE,VAC_FK,
REF_VACCINE,BRAND_NAME,
REF_VACCINE,VACCINE_NAME,
REF_VACCINE,UNICEF_VAC_NAME,
REF_VACCINE,VACCINE_CODE,
REF_VACCINE,VACCINE_NAME,
REF_WHO_REGIONS,NAME_FORMAL_EN,
REF_WHO_REGIONS,WHO_REGION,
